{
  "mean": [
    33.763736724853516,
    55.78443145751953,
    0.4203750789165497,
    0.02957545593380928,
    99.84785461425781,
    -1.1788940355472732e-05,
    4993.22314453125
  ],
  "std": [
    23.56043243408203,
    47.450225830078125,
    63.37191390991211,
    0.012079617008566856,
    0.09463915973901749,
    0.0020027579739689827,
    2884.711181640625
  ]
}